product_id,product_handle,productUrl,productImageUrl,photoFilenames,videoFilenames,productTitle,rating,title,author,email,body,created_at,published,reply,replied_at,publishedReply,tags,location
"Numeric
","Optional
",,,"Max 3, comma separated 
","Requires Business plan or higher
","Alpha Numeric
",1/5/2024,"Alpha Numeric
","Alpha Numeric
","Alpha Numeric
","Alpha Numeric
","Format: YYYY-MM-DD HH:MM:SS
","TRUE or FALSE
","Optional
","Required if ""reply"" is filled 
Format: YYYY-MM-DD
","TRUE or FALSE
","Optional
","Either full country name or country code 
(e.g., United States or US)
"
7070546493602,double-breasted-trench-coat,https://stamped-demo.com/products/double-breasted-trench-coat,https://s3.us-west-2.amazonaws.com/stamped.io/uploads/productImages/223558_7070546493602.jpg,https://ex.com/image.jpg,https://ex.com/video.mp4,DOUBLE-BREASTED TRENCH COAT,5,Awesome 2,Jon Doe,joedoe@example.com,This is awesome! 5 stars,2023-12-13,TRUE,I am glad you liked the product,2023-12-14,TRUE,,US
** Note: Please delete rows 2 to 4 prior to importing your reviews **,,,,,,,,,,,,,,,,,,